Temperature,Vibration,Pressure,Humidity,Fault
74.96714153,33.23527672,37.00637766,15.75091461,1
68.61735699,28.63924336,35.88306596,23.61129543,0
76.47688538,27.06506173,35.86551116,29.80257862,1
85.23029856,26.59592061,42.13301083,56.81374255,1
67.65846625,27.17157976,26.41255243,34.4796505,0
67.65863043,25.64794758,36.64244175,18.39976658,0
85.79212816,34.50321095,45.51312724,45.13781475,1
77.67434729,30.36188056,36.94038924,19.58194579,1
65.30525614,28.10460323,38.30451425,42.86026933,1
75.42560044,23.72278409,43.3739277,30.71574952,1
65.36582307,29.4650084,27.26982274,28.00579196,0
65.34270246,23.85794389,30.36218099,42.28098797,0
72.41962272,35.72317231,35.88775294,21.35807172,1
50.86719755,14.35758005,21.0622394,7.217926366,0
52.75082167,27.1426066,33.31376528,21.41723273,0
64.37712471,23.52154756,32.70488494,39.8177673,0
59.8716888,17.69800106,29.15928596,11.17694739,0
73.14247333,23.18043649,27.53088847,1.700394366,0
60.91975924,19.72017919,34.53501765,24.0368834,0
55.87696299,21.67776678,23.28389473,29.72348218,0
84.65648769,32.24394813,44.84387224,51.45649331,1
67.742237,20.84128293,36.03914792,26.24188244,0
70.67528205,24.61457576,43.53008505,30.30576632,1
55.75251814,30.22473314,24.58947779,37.38769019,0
64.55617275,31.23237631,20.19919222,8.186240306,0
71.1092259,27.06984741,38.33236886,29.45228649,1
58.49006423,20.66153987,39.45539278,31.46260377,0
73.75698018,26.4150997,44.66839279,40.29421505,1
63.9936131,25.46535445,34.93849386,25.20168767,0
67.0830625,18.36510905,31.40221901,29.2906078,0
63.98293388,21.10714417,37.04936206,5.393340179,0
88.52278185,22.64005328,39.49553149,30.79287878,1
69.86502775,26.44887533,39.1108264,37.70192328,1
59.42289071,24.03399145,34.0744499,18.86021602,0
78.22544912,24.96297488,45.49509662,37.53917971,1
57.7915635,28.09698104,45.42389998,36.75833303,1
72.08863595,19.10219427,38.22240487,28.92871758,0
50.40329876,10.31928017,22.20052235,22.51351113,0
56.71813951,20.97360792,29.5900128,16.57525425,0
71.96861236,30.42450584,29.6253972,29.37733533,1
77.3846658,35.50427149,38.45038825,42.30908534,1
71.71368281,22.80536767,34.78581861,33.35470105,0
68.84351718,29.48863518,34.25686778,26.04592221,0
66.98896304,23.25359472,35.55752667,33.14470201,0
55.2147801,18.46203653,24.42695869,31.04718602,0
62.80155792,26.39884496,39.14562339,10.90449045,0
65.39361229,26.14937869,34.65803659,42.2589615,1
80.57122226,20.31796701,40.27414181,31.91019577,1
73.4361829,33.08536576,38.02388187,38.98391448,1
52.36959845,25.22981623,29.38823597,37.66581207,0
73.24083969,22.50648039,41.58516526,20.44499459,0
66.1491772,25.13122969,30.4577246,22.34988611,0
63.23078,24.60092393,30.08345334,25.63738263,0
76.11676289,27.94423584,38.32276032,26.88011898,1
80.30999522,25.35697256,34.48153775,51.57487177,1
79.31280119,24.40136358,36.47474395,25.86310708,1
61.60782477,21.43496831,29.62941044,21.95055678,0
66.90787624,29.28140178,40.33677057,35.26410081,1
73.31263431,28.37742278,39.97897664,22.55696973,1
79.75545127,26.06133628,42.07016989,32.51230711,1
65.20825762,26.68138372,38.93448248,35.15914932,1
68.14341023,9.607480479,31.89917176,24.71812211,0
58.93665026,26.37165609,33.74814809,27.88048682,0
58.03793376,11.61470792,27.92390301,19.33553941,0
78.12525822,25.53163567,41.58950508,20.69320834,1
83.56240029,23.64849063,39.41898497,39.47950127,1
69.27989878,17.7745572,22.5367801,44.29652302,0
80.03532898,33.81649908,42.10780205,37.89766403,1
73.61636025,23.42722008,44.92654681,37.64877829,1
63.54880245,23.97460027,38.02295817,37.81750566,0
73.61395606,25.53028172,43.05932399,22.4575235,1
85.38036566,32.26833212,51.05548458,58.52713319,1
69.64173961,24.75871832,36.73381444,34.16767495,1
85.64643656,23.56129167,44.23973332,54.53629188,1
43.80254896,20.31222623,20.6853328,12.87274106,0
78.21902504,24.90787585,38.59977216,53.05148851,1
70.87047068,17.02175525,38.37491861,39.53491148,0
67.0099265,21.31289847,40.4364688,37.61075789,0
70.91760777,32.32496167,37.68068445,36.22259607,1
50.12431085,21.79461751,24.66391706,20.71415928,0
67.80328112,21.98788772,34.91169384,42.72782818,0
73.57112572,24.00360548,40.91376141,35.67104937,1
84.77894045,28.0644539,36.5441399,16.69694813,1
64.81729782,33.06979415,24.30083808,17.28318039,0
61.91506397,23.57994965,29.82508447,26.10482626,0
64.98242956,24.89405858,28.11734289,31.51490888,0
79.15402118,32.85532468,39.64967348,36.04582115,1
73.2875111,26.84457468,37.60939334,45.82108987,1
64.70239796,21.35062856,31.11996275,9.203163959,0
75.13267433,25.31468677,46.13497848,37.85674451,1
70.97077549,24.48176513,38.46692582,14.77524413,0
79.68644991,27.70414628,42.90210351,44.54498843,1
62.97946906,25.68096189,36.58798918,29.62882116,0
66.72337853,23.61291192,29.05393713,33.13506228,0
66.07891847,26.79082185,40.28923662,23.98629427,0
55.36485052,18.97411478,28.33018426,37.98103444,0
72.96120277,25.92959692,41.37086372,44.95824599,1
72.61055272,15.42269003,30.40000057,35.42148488,0
70.05113457,29.09953547,29.57412382,29.45477864,0
67.65412867,25.41138741,39.61608367,38.40863823,1
55.84629258,24.53625295,31.92012988,20.14912437,0
65.79354677,8.546464479,26.80613117,34.32775231,0
66.57285483,33.74237272,32.35794381,47.9067617,1
61.97722731,20.99408142,37.71574249,40.66424739,0
68.38714288,29.47641409,30.72243765,23.43895443,0
74.04050857,20.71464836,45.67452329,38.93385456,1
88.86185901,34.16552018,42.31783692,27.10422842,1
71.74577813,19.84394453,39.44634869,38.47084393,1
72.57550391,22.28258156,35.47240069,36.63401755,1
69.25554084,33.80959606,40.94284975,15.97001615,1
50.81228785,16.83088874,23.51113727,10.66320801,0
69.73486125,25.4943658,35.66559619,29.12616007,0
70.6023021,29.06114439,37.7878607,30.33750792,1
94.63242112,35.59975683,44.69360359,30.31138053,1
68.07639035,24.57883115,39.25426362,36.37198864,1
73.01547342,27.38022071,35.76693935,35.60571936,1
69.6528823,36.39558673,37.47991481,32.17384171,1
58.31321962,20.12153288,25.29350853,17.6266724,0
81.42822815,29.50537508,29.73210939,44.18956738,1
77.51933033,32.38503759,40.40556735,52.91332956,1
77.91031947,32.79624148,53.68196917,35.665992,1
60.90612545,27.25229544,36.78123698,24.2270776,0
84.02794311,32.6034312,44.23695874,44.08066473,1
55.98148937,13.87849672,26.65291541,20.49272768,0
75.86857094,34.72115749,41.19741788,35.14056972,1
91.90455626,26.43486773,49.37961944,49.15178657,1
60.09463675,22.54630019,25.6477825,7.00637809,0
64.3370227,18.7465787,38.27258443,43.56104106,0
70.99651365,24.52808804,40.43095533,34.28443346,1
64.96524346,24.38164726,37.70161764,27.0941118,0
54.49336569,20.67946407,30.85028607,25.08800531,0
70.68562975,26.84957418,37.27653151,32.50609657,1
59.37696286,28.85049335,35.85403814,12.61601312,0
74.73592431,28.42524501,42.27528561,50.57973579,1
60.80575766,20.061232,29.60463379,27.50527068,0
85.49934405,34.74520626,42.55573721,43.78335942,1
62.16746708,27.70596592,34.02583485,39.42100982,0
66.77938484,17.23474562,41.24277306,21.44126539,0
78.13517217,30.33431061,35.03215422,39.32830489,1
57.69135684,23.6978386,23.36305197,22.31001968,0
72.27459935,23.80829225,38.10903236,41.54031114,1
83.07142754,35.95353371,44.82728764,18.33679903,1
53.92516765,18.12353074,28.75773992,23.8362005,0
71.84633859,25.77410077,38.70543851,27.41112476,1
72.59882794,24.54423066,36.46230743,37.09266332,1
77.81822872,27.31427529,47.93037517,42.6312529,1
57.63049289,14.68929708,20.86706132,15.79487723,0
56.79543387,12.67814744,23.95108961,16.16416882,0
75.21941566,34.2993208,40.1923274,34.90079657,1
72.96984673,21.30463961,28.8814149,21.13615982,0
72.5049285,20.41976323,35.83189845,40.3586031,1
73.46448209,14.94561817,44.3554914,30.22253867,0
63.19975278,18.92510474,32.32934214,-0.732375644,0
72.32253697,18.69743897,37.43813396,28.36846971,0
72.93072473,33.73582946,33.2651682,22.88716785,1
62.85648582,27.04885548,30.61338268,12.64270643,0
88.65774511,27.58945906,43.53789521,26.98995732,1
74.73832921,37.42059425,39.52779151,37.25009361,1
58.08696503,25.23926519,37.59520628,42.8726012,0
76.56553609,25.17378071,42.27770269,38.73260667,1
60.2531833,8.59158558,23.27495982,17.26948772,0
77.87084604,38.70950898,44.0163064,43.03807173,1
81.58595579,21.60722219,43.52623329,32.10453916,1
61.79317682,13.40061815,36.18779839,21.36872275,0
79.63376129,32.98466861,50.33482974,28.41296285,1
74.12780927,38.14349528,35.91074227,17.50841122,1
78.2206016,34.29857465,38.00469809,32.20210896,1
88.96792983,33.95832104,40.53934334,41.07806851,1
67.54611884,26.6149133,34.54863684,30.27712106,0
62.46263836,26.12900122,35.66577938,26.07507431,0
61.1048557,25.18134245,37.47012614,20.83699253,0
61.84189715,23.05062112,32.05922282,34.61829622,0
69.22898291,24.75114954,34.5040346,18.19980934,0
73.41151975,25.38106627,38.8701871,41.58137515,1
72.76690799,21.69859485,32.90911306,21.29707995,0
78.27183249,25.99176599,50.86837143,31.20288208,1
70.13001892,16.08072255,26.73634789,13.29766557,0
84.53534077,29.09567114,44.78374047,33.91928654,1
67.35343167,18.63074555,44.15322446,42.63206167,1
97.20169167,28.5026455,49.47528957,48.5746875,1
76.25667348,27.58930647,38.88316918,44.65173622,1
61.42842444,28.45995998,31.54755588,34.31179233,0
59.29107502,25.34345929,30.84771721,16.84190452,0
74.82472415,18.33615044,44.20259833,31.40949086,1
67.76537215,18.76973957,23.18905582,18.91152943,0
77.14000494,31.70285767,48.72074226,51.96240161,1
74.73237625,21.24389472,30.75856249,19.12936055,0
69.27171087,23.12193306,34.46339486,40.06221303,1
61.53206282,24.28648248,30.40050266,37.07567758,0
54.85152775,14.35631244,30.49721633,43.31169572,0
65.53485048,23.4640752,26.192876,23.66432077,0
78.56398794,20.82726831,41.83011157,42.4373423,1
72.14093744,22.24248988,47.03346794,58.29816659,1
57.54261221,21.73882395,23.42607026,18.49788095,0
71.73180926,17.14116457,36.65607792,16.1505479,0
73.8531738,28.05098452,35.53421422,14.53110506,0
61.16142564,21.30830998,33.91373956,35.78784506,0
71.53725106,27.80048764,37.84759939,14.57716365,0
70.58208718,25.82330118,33.71916492,27.91157592,0
58.57029702,27.32030611,34.26005631,33.39176893,0
73.5778736,26.37837827,47.40745933,38.42521831,1
75.60784526,24.31571814,37.93215504,38.18341419,1
80.83051243,28.90216687,45.75295368,40.4917378,1
80.53802052,30.90479733,35.95670391,48.34589404,1
56.22330632,19.92245756,24.50279747,14.87187065,0
60.6217496,21.42057082,33.92593287,21.7763515,0
75.15035267,22.792665,45.79677184,28.21892502,1
75.13785951,22.98374624,40.18685277,42.59000076,1
75.15047686,19.28964054,36.11035254,41.51815694,1
108.5273149,46.73244393,58.18023752,56.10801977,1
75.70890511,20.27880061,31.87272875,43.36580166,1
81.3556564,25.00995375,44.63461276,25.70038232,1
79.54001763,24.24696984,45.05406722,53.71051117,1
76.51391251,31.25449126,38.42170722,50.5755502,1
66.84730755,21.92180925,32.11543951,36.9909501,0
77.5896922,33.39510264,42.92377317,55.10180948,1
62.27174785,18.42765863,29.52421958,10.62311956,0
67.63181393,25.06610569,35.11687433,25.95845027,0
65.14636452,18.62449232,43.53937144,24.7890418,0
70.81874139,35.51230513,37.73576615,41.5670542,1
93.14658567,26.66331289,45.45692537,30.42181356,1
51.32734807,19.51367538,23.76233268,30.46253962,0
76.8626019,30.07079507,44.32328973,50.7286181,1
53.87284129,20.92448994,27.5215557,31.81537952,0
65.28068134,21.92180018,30.51380145,31.60009103,0
80.88950597,27.66222359,48.53924257,29.05474939,1
70.64280019,24.94403743,43.87608259,26.09662078,1
59.22255222,19.99288327,27.64660732,38.5947418,0
62.84696291,26.8158326,24.31160007,34.82108568,0
76.79597749,37.93120713,47.18199975,38.65308017,1
62.69633368,19.15625786,28.6214526,22.95486242,0
72.1645859,18.40859017,40.10890968,12.57702917,0
70.4557184,24.2180912,26.69817243,18.54757082,0
63.48399652,35.11794547,40.05437422,52.26919409,1
91.43944089,27.98543147,40.68897505,26.45981175,1
76.33919022,34.91430061,44.98931632,39.71353575,1
49.74857413,25.80050502,27.6183247,34.66715643,0
71.86454315,22.38464889,32.0462771,18.38848957,0
63.38213535,25.02866277,31.4925119,30.89469157,0
78.52433335,35.62549979,45.89264225,48.12185635,1
62.07479262,19.83053871,32.42923668,28.34704318,0
68.85263559,23.08052065,38.52185505,60.91582407,1
75.04987279,23.35905091,48.32645586,20.07827,1
78.65755194,22.45635953,32.06596222,43.23991588,1
57.99703593,17.05257485,37.59524401,26.60770104,0
66.65498764,17.20954434,33.95843299,37.15191001,0
65.25054689,23.00810875,29.47044761,33.01805883,0
63.46670767,18.36348153,25.58114663,18.96398117,0
87.6545424,31.8480194,44.86854601,42.44136624,1
74.04981711,18.13795776,41.55825981,15.12161137,0
57.39116046,21.74130732,29.53653807,32.50242264,0
79.17861947,31.88016162,49.56218574,42.42691949,1
91.22156197,21.95886848,38.18559813,43.94150189,1
80.32465261,29.98391126,42.08243119,47.78466245,1
54.80630034,25.32055008,23.46497795,28.21534938,0
65.15765927,16.75697565,34.49050122,30.63100573,0
82.66911149,37.29705096,49.09494731,32.17963634,1
62.92330534,24.11825192,31.03532882,21.53695513,0
74.43819428,22.52830872,24.98177989,41.35067505,0
77.74634053,26.9323738,41.36706873,50.24991588,1
60.73069528,24.04737791,34.32198122,26.70527051,0
69.40474644,24.67168821,38.18794731,32.96835151,1
37.5873266,15.84934427,26.26307678,10.60701258,0
59.75612359,16.31127529,24.79724227,36.55246332,0
67.47431849,24.46281559,38.65708696,38.78929629,1
57.52216818,13.06418638,34.46035052,46.09044952,0
86.32411304,29.65730926,35.8843748,28.01170632,1
55.69858622,14.97496697,29.65761632,21.28809751,0
65.59955513,19.28219458,30.85533957,30.86327907,0
71.30740577,31.1380579,37.90833081,40.33495475,1
84.41273289,35.00100711,46.72431364,38.21395201,1
55.64137849,22.52017308,27.10651211,16.69071331,0
81.63163752,23.10950931,37.97759835,44.08169057,1
70.10233061,22.95377347,36.30756556,39.07227196,1
60.18491349,27.13020822,27.07302302,18.07492551,0
74.62103474,26.82594673,33.51552934,46.28823751,1
71.99059696,36.79335663,43.15130637,48.16403174,1
63.99783123,24.36583013,27.9282199,29.37576327,0
70.69802085,25.70455288,40.28658246,34.41214151,1
66.14686403,21.60582009,36.4002093,36.23822952,0
71.13517345,25.56501523,28.49479746,21.54995418,0
76.62130675,26.05510818,36.30278641,34.25474363,1
85.86016816,33.59160224,51.32594314,20.37772987,1
57.62184501,24.95115734,26.01423407,34.71696153,0
91.33033375,28.03566951,44.38376278,24.73813047,1
50.479122,11.01152793,27.22821496,37.47417246,0
68.48214905,14.7877253,37.69146468,27.34493452,0
75.88317206,29.09906686,38.70954637,32.83184714,1
72.80991868,19.96663851,33.77024013,25.05120842,0
63.7730048,11.55609872,38.12092121,26.23255363,0
67.9187775,25.71446515,44.40084122,48.34242996,1
65.06999065,35.23949432,41.22368491,9.042440719,0
64.10635243,22.40686879,33.75582307,42.28401921,0
78.49602097,31.66606121,37.61509307,39.03867716,1
73.57015486,26.15870099,34.18608785,20.50195374,0
63.07090405,21.58036815,35.31055098,18.8448226,0
78.99599875,32.24398198,44.08898694,54.57622334,1
73.07299521,24.1241756,44.71567593,25.84650912,1
78.12862119,28.68197899,44.14652579,25.54490478,1
76.29628842,28.31218998,32.48036628,44.43815591,1
61.71004989,18.25806519,36.68087358,32.55601309,0
64.3981896,27.49957811,29.4887978,19.69186769,0
77.47293605,26.24072883,38.19111063,36.92792628,1
76.10370265,22.85757013,40.06918125,24.21778872,1
69.79098406,27.10939364,46.806159,46.56421675,1
71.17327383,20.41830593,51.66122719,46.96814215,1
82.77664896,29.11273292,46.10565391,44.21283034,1
64.08428611,22.38390516,32.39872669,32.71488592,0
75.47097381,31.84431866,43.00333019,54.15727156,1
67.97807348,26.16581688,40.26157357,32.99472625,1
67.82318797,23.61298099,33.63969266,18.77091068,0
80.98776852,32.43455048,51.90746271,45.17910264,1
78.25416349,34.33999497,43.23272636,58.54482852,1
78.13509636,30.13633526,43.67677586,27.0096622,1
83.05478807,29.12093892,46.52846368,35.47574929,1
70.21003842,18.01433228,37.3053168,35.61071487,0
76.81952971,21.56126708,43.07574429,34.82274729,1
66.89733243,21.88794283,31.39512223,19.6030254,0
73.24166352,22.58702122,34.68464406,43.32244085,1
68.69856946,23.10964279,30.03551365,52.8521501,1
70.96995965,25.1227355,39.1585351,35.21977536,1
75.95157025,29.23151336,43.9191918,27.50769421,1
61.81779317,21.28373372,34.363618,13.4664885,0
90.92387276,34.25586368,56.13937764,47.29092085,1
59.93982619,21.30131124,31.20520394,38.58048785,0
57.85811387,10.37300702,31.45446093,30.20849526,0
81.58110874,23.85671109,36.02433677,34.75704647,1
77.91662694,26.55038165,38.43705994,29.10011545,1
76.24119817,20.63594565,41.91341709,23.80808019,1
76.28345509,29.69885293,44.51283593,45.22705576,1
69.87753227,32.11089046,36.39723288,42.34290271,1
61.02745629,27.45341896,32.59504286,13.69609191,0
70.75804558,23.6981016,28.9913721,45.84002805,1
63.22838288,29.58356469,32.58433923,35.7606444,0
79.75119733,28.65625635,46.07120589,52.053546,1
68.52942618,22.29986931,38.17424073,18.50833168,0
61.74502803,18.54374649,33.99734052,14.75877958,0
66.78614158,21.86280112,34.67519237,28.88882018,0
74.12931454,24.004376,38.19438254,38.61914407,1
64.36275447,23.37904518,30.33744285,46.66238648,0
61.77779604,22.42509852,35.77917003,36.60275393,0
72.43687211,25.36813534,39.77508424,31.42015083,1
72.44966571,27.54207385,40.57085858,24.151293,1
64.93056825,28.67893026,32.32436755,42.53179759,1
65.28961694,27.59913661,24.13344035,18.05525257,0
72.32049937,17.88768494,41.60752526,49.53022071,1
55.51915659,6.66209913,23.92185301,19.21181342,0
55.92536226,24.24547635,25.70162946,41.23447158,0
62.81555779,15.15105173,34.76460591,35.19524188,0
67.86552848,22.62910796,33.10524621,28.92236728,0
73.10907566,19.73761135,42.14628824,28.68783337,0
84.75356217,20.65384457,45.35490164,34.48385895,1
78.57659623,30.20912232,44.81913938,41.90442615,1
68.4006147,27.73599095,29.49769625,30.88142615,0
69.80983792,21.55089127,41.78432525,27.28227666,0
59.97470635,8.035935763,29.90205767,23.51337015,0
69.81486864,21.70398178,33.91110155,31.66841519,0
67.11341361,25.44871479,36.00772142,10.1106361,0
73.2271856,18.23495712,27.71804878,33.93913575,0
61.72769056,22.5214913,34.32502307,19.31044101,0
75.19346514,26.24116355,33.93843448,21.38274713,0
85.32738913,32.76104369,38.18618242,20.82841509,1
68.91239852,24.71724132,28.34223167,11.49943035,0
74.01711722,21.04064632,43.07927389,21.02968339,0
76.90143992,32.89836148,38.03900329,28.48160561,1
65.98779528,22.30308048,41.82376252,51.92213102,1
72.24092482,25.14780099,34.85896905,27.03129531,0
70.12592401,19.87773361,26.99542274,30.38926893,0
70.97676099,22.62545509,30.88201126,34.40742575,0
62.26990216,17.37045219,37.67460451,30.78607658,0
70.24510174,23.72105531,35.57501596,31.01750391,0
74.97998291,34.80153642,37.95986311,23.40024749,1
84.51143608,22.71949691,43.37413675,52.05730006,1
79.59270826,19.7896409,42.28356058,53.62365781,1
91.53182458,39.39199024,54.65471319,28.36158169,1
62.32652437,20.76766514,39.44296515,20.2893845,0
78.72320637,24.20775854,38.46815134,32.05430735,1
71.83342006,30.34122046,31.76304469,22.39307354,0
91.89802933,29.13623257,45.11403391,45.93880792,1
61.91701715,30.80100457,35.32426116,23.4139613,0
61.60278158,24.95060291,27.89257766,49.16161981,0
64.00607355,19.9625687,28.00949226,39.30423731,0
48.76104276,27.85290603,29.23198985,27.26353386,0
64.74244978,19.63128281,32.81709721,39.24529666,0
62.40867338,25.55351254,33.35859051,40.50177662,0
71.50393786,26.52284115,33.6888636,26.32159484,0
73.41755976,32.20485236,38.32686879,26.52100599,1
88.76170839,38.87415392,43.09643384,41.73191097,1
79.50423838,27.98650418,45.82520016,46.43795652,1
64.23096344,18.71374785,37.82292979,31.60228596,0
61.01585329,23.65540936,22.95727654,9.919492867,0
74.91919172,22.83314025,33.63271002,24.21633753,0
56.79766793,29.94612001,24.0655283,25.17126484,0
88.31458766,31.59278234,42.81000124,38.90390859,1
81.79440121,26.80143267,41.75057723,56.71941014,1
65.30824348,23.78128675,26.89674082,14.1033967,0
52.86865471,11.7683977,21.53527509,26.49889828,0
83.53872374,24.38048312,37.44873545,50.66750512,1
68.85460155,30.10118008,38.04114336,55.85566786,1
82.37816312,25.5478857,42.52647223,33.14069107,1
54.05572341,13.68494828,23.45337742,27.51698085,0
64.00624977,25.08545118,34.70400699,35.87318579,0
70.052437,30.44687372,34.87957097,34.49882891,1
70.46980594,28.25919863,36.00497685,31.66937232,1
65.49934529,27.90500928,43.42296769,37.94723191,1
76.22849932,22.89599932,45.58432982,10.84436282,0
59.32379571,13.65427516,22.92865692,30.57838218,0
68.57620515,31.50834006,41.30962242,35.52496806,1
71.20295632,23.30763552,40.75984022,31.3000875,1
75.14438834,25.04637084,33.08293248,52.93655441,1
77.11614878,33.63162278,45.52247973,31.23118434,1
58.75357908,23.34490273,38.79775072,25.79869551,0
54.65885829,21.41003926,23.26577005,43.7714845,0
82.77676822,39.7968806,40.62140771,30.52953341,1
73.32314012,22.44550789,42.57282197,28.96830497,1
62.51513463,26.51949776,34.79318669,28.5744101,0
85.51151976,30.21409754,47.28038477,48.50145482,1
71.15674634,26.24782261,38.97304646,35.49629899,1
81.79297184,36.26988228,46.01429339,26.76675985,1
70.67518481,27.27549347,30.62657122,25.62640596,0
90.60747925,34.40409813,52.89077382,37.60617235,1
87.55340842,36.00622964,52.44822968,42.251545,1
67.51035852,21.80386183,33.59347998,34.48464948,0
79.71570951,23.70444999,40.39557453,39.78532479,1
76.4537595,21.53476985,31.05560823,13.90022028,0
83.68631558,19.4584275,44.12180129,47.71629328,1
60.35076539,31.40380354,36.29889234,33.21361804,0
76.8605146,21.38513828,38.55330414,47.83421111,1
80.58424487,27.09821759,47.30432051,42.84407328,1
52.41260514,16.9603453,25.30735522,34.25263922,0
58.16741487,21.89562869,33.37749206,32.50489876,0
49.60767822,21.44137344,21.51340819,35.53440559,0
67.30593166,27.85944352,35.74179719,36.95044496,1
77.17542256,24.0960107,38.676371,33.53201608,1
85.02357052,28.92264111,45.17167457,61.87013837,1
70.7409478,26.17223148,35.22023816,41.06751435,1
86.28615546,28.95669878,43.96274673,44.84131191,1
56.19898542,27.70637278,34.96105385,15.93097426,0
52.96617561,20.99303622,25.84956508,11.26229268,0
69.44452301,27.97997198,28.81314425,33.12922465,0
73.84065449,29.15863541,47.80794112,38.63155325,1
69.67305252,30.25293767,44.31073156,29.1081976,1
49.325579,18.16906044,19.36900916,22.27728356,0
69.1087996,17.70392012,38.08828287,47.24554206,1
56.95530499,21.93279651,27.5015727,32.73324228,0
76.69672549,23.58706945,40.54837644,23.46666962,1
73.66598246,23.14001045,39.24881484,32.54705336,1
60.60120214,24.14224084,30.92695013,20.00005689,0
64.86133083,28.89288115,31.04734677,25.98646975,0
59.40786478,20.89911056,27.460656,22.08887292,0
69.37320903,25.82478822,31.80194213,25.9811473,0
79.55142321,36.35407284,38.90984397,24.4625662,1
60.14273954,22.25372474,31.17908629,26.45092267,0
75.04046516,39.27257838,38.04392505,30.45810419,1
64.69742382,25.47164656,37.61843036,1.986145146,0
62.07127168,12.92113129,37.95252929,49.37146664,0
68.9296964,27.89210185,33.69651754,42.41289118,1
59.64757678,22.7824438,32.59492081,24.34472976,0
64.46350695,29.0109912,37.30920192,31.84847649,0
58.02122107,23.67333413,33.20422766,16.30103021,0
89.64725133,30.68425805,46.85789105,58.02904763,1
70.35263552,18.50193125,39.07248433,51.05808081,1
63.00274492,21.00584444,34.96364886,30.95759484,0
72.13979911,20.99632742,30.47386297,40.56186422,0
68.8767195,21.20423458,39.58115101,34.02702816,0
67.790304,26.66949842,40.27599067,19.66354358,0
76.141667,34.99910597,37.44714082,31.4011912,1
77.5750771,29.12463463,40.9234008,37.35876438,1
64.69498852,16.66383067,35.86215593,24.88649132,0
64.24181759,24.7076495,32.80377872,27.42120266,0
67.24948303,29.52047649,41.5312529,32.78582253,1
46.98078835,13.3943614,35.63958951,23.63744317,0
54.84808938,18.52674545,24.45705915,24.35073681,0
83.66874267,29.35750091,36.61721137,25.69992355,1
86.44967714,26.33289543,45.68802678,32.09860014,1
67.5096396,26.86977603,39.36110555,19.87036531,0
75.76556963,25.91320863,38.12281619,44.04337406,1
73.11250155,27.68703776,45.70433656,15.0860126,1
100.7888081,30.83862194,44.82965903,54.80779645,1
81.19574911,26.23122069,45.24892435,51.67179166,1
68.72082409,27.66419522,33.42790578,28.33640117,0
60.44459559,19.2914427,39.65524609,3.870068251,0
53.9355368,27.51225714,39.73601975,25.91842308,0
72.03463636,23.2139418,33.22509178,30.81643628,0
62.43649255,22.97619602,29.94387517,17.93273289,0
55.7774629,24.18506618,34.23481098,22.69038501,0
63.53427116,15.14516624,29.68380202,42.36243532,0
59.18451996,11.91053793,28.78808548,31.86840795,0
86.87141635,22.77671415,43.77442229,29.02104675,1
78.81639757,33.89865967,32.64874506,18.60753016,1
69.92027359,21.71280503,35.73749539,28.18806459,0
84.79944139,42.47080091,43.20526994,38.39749367,1
70.77368308,21.94955108,33.77245349,36.07958135,0
61.38715799,22.40826181,39.32403347,25.15207168,0
85.23124077,37.54148403,39.57982068,43.92797476,1
75.38910044,36.41664959,45.27445105,57.24364826,1
59.62753846,31.17715634,31.67300892,37.24037097,0
68.09661322,29.87564578,35.21980426,31.59055638,1
61.24381747,26.55564874,36.82270709,28.50960909,0
56.17200269,22.62283569,31.50222482,23.32036213,0
79.26177548,31.6334268,44.84754931,49.82113181,1
89.0941664,28.42702966,50.61870412,35.45007283,1
56.01432426,15.51401907,26.65270782,24.77872336,0
75.62969237,26.45352004,36.2628819,34.26629469,1
63.49357431,21.3718279,27.42072139,22.28754225,0
65.12874616,20.52892091,29.28666731,14.42286939,0
64.07606076,25.9085585,48.76141117,37.76346735,1
61.3600923,26.25255835,39.08595111,30.39365244,0
70.48521628,25.11186013,29.98534752,35.38609204,0
61.69049884,28.979325,26.94429969,22.5168103,0
72.70456826,19.73815332,39.07401669,45.06728306,1
69.49761891,23.35586932,38.68142636,23.71447522,0
67.61051953,20.07957023,37.18506701,48.19048836,1
60.92436338,11.9908441,28.53935337,8.115158373,0
64.23228669,22.06789691,32.6908371,33.52320798,0
77.55391226,26.53513175,41.84568449,40.67676,1
75.00917188,33.82045887,40.94768415,28.15409637,1
60.22444755,24.23261507,20.85102255,29.19025029,0
70.99332305,19.72672895,34.74334301,43.92552971,1
77.51387123,36.40031776,37.90427344,14.04160911,1
53.30594719,24.76224999,29.81618333,31.01312737,0
75.43360192,29.31224919,54.73386572,14.74268937,1
63.37376241,21.04839635,34.56528068,19.71363622,0
75.70598669,21.69989916,36.84002541,49.52515282,1
62.36740843,19.96755907,36.66785312,23.76952157,0
51.95117899,23.62665575,30.51680113,13.94803381,0
53.72457562,28.226533,31.92183808,25.26229799,0
70.48084947,32.38451495,41.22753822,55.52521446,1
72.59722502,22.96478165,47.54442541,17.54052865,1
60.95683375,15.73680465,24.92349394,14.5636782,0
76.38592459,27.43950484,42.22972742,50.85564193,1
53.38479938,9.842482954,21.35975066,39.80752092,0
69.33920201,25.88455928,39.15711599,31.93030695,1
57.889838,19.52343037,25.36168062,12.61895122,0
63.48163892,19.88839111,30.45758167,48.94937792,0
70.47398671,16.69238001,33.57632045,46.13967373,0
61.39586635,24.05655375,37.3185342,36.94247979,0
66.15444456,20.4905514,38.45988255,23.02613512,0
80.06292809,22.17244065,34.23421889,33.12157038,1
64.2310813,8.11956739,30.80257062,24.91287581,0
78.35692112,27.28734787,37.1701848,38.14190095,1
58.70293145,29.40728399,26.0052514,41.39841526,0
75.29804178,34.6606107,39.73115569,44.73711917,1
84.41568621,27.26000889,41.89664663,26.9881561,1
45.283555,12.83818395,35.07881897,37.53522653,0
62.03104745,24.05473789,34.88971805,32.71420936,0
75.77072127,21.52782525,31.51430212,38.4968027,1
67.96954614,25.29830065,32.82208587,45.29916599,1
73.71145873,29.62941195,44.2029553,25.01736057,1
63.96014813,28.52071797,44.92842412,33.38841618,1
70.86589787,24.30229387,28.82019626,24.69333191,0
68.44322765,22.93676093,25.9871827,12.66888161,0
81.67782062,24.19732428,50.94931001,42.80094658,1
72.54420843,21.25607118,38.84417892,58.09328198,1
73.37602662,24.54921486,33.58759129,13.70188883,0
65.88123034,24.89525815,37.29875071,31.07141541,0
65.12393776,27.36130135,21.59929357,33.27039706,0
65.67441812,18.97015159,33.36439601,30.50422809,0
73.94452142,33.34402534,41.58294557,34.8313373,1
65.79015519,21.67093631,38.5611078,18.27434795,0
72.89774857,25.40737553,32.8159822,34.20820556,1
90.75400799,28.0278444,46.87330828,33.38703137,1
78.71124703,15.42773516,33.87848507,10.2563005,0
66.73976468,27.77914462,36.86564181,43.85742761,1
82.01213922,32.38846821,38.90642468,46.61709064,1
65.91924627,21.66509841,31.95617631,29.83303899,0
49.61875465,17.70151771,20.88966616,23.61756305,0
59.91913689,23.551394,34.92957161,39.73454493,0
51.29208079,10.13949899,29.40159174,25.40781914,0
66.48486516,20.62443942,32.86997436,38.61605006,0
70.18418379,28.53578773,37.48123023,30.09596117,1
86.76437312,24.09608348,36.62022753,49.41141145,1
73.26927374,27.11203547,36.89519704,36.66054012,1
67.80899471,16.95023913,33.65307236,31.53122569,0
78.29405581,29.73506945,54.28330446,27.61815482,1
47.88864691,16.58281901,19.30661978,23.12112906,0
72.35614558,17.24899187,43.33095008,25.35612103,0
77.70865194,33.02172495,46.55753223,31.96485413,1
55.21413754,15.65199026,29.37994197,16.81155923,0
81.43754043,24.45187697,50.33037101,28.46392864,1
73.38496407,26.68758341,40.22127788,55.66347592,1
65.84712086,28.78967905,37.33493618,45.29410355,1
76.32781866,21.63562744,38.40904062,53.05368599,1
92.70692858,32.75582425,54.38712712,32.17729372,1
71.81866255,27.28061439,43.2568672,35.73635545,1
72.48220586,28.83430009,35.25546622,20.08726009,0
65.406391,23.77444463,27.5915289,21.23827434,0
61.50155631,19.69040551,30.59887825,18.32734354,0
78.30335817,23.26822425,35.8899632,46.2289022,1
61.43916174,21.93442602,31.71688512,24.20272309,0
70.71566237,19.38978677,41.88719609,43.83733577,1
65.22342553,8.221446519,28.70832252,32.19277901,0
74.78979826,28.35922841,39.11313799,57.72166274,1
73.33662105,30.18749157,39.32909146,19.86656421,1
80.37539944,16.31672763,43.67442969,48.23602031,1
64.89983601,17.66628908,21.50373735,36.79043227,0
67.30125065,26.65120903,32.58230312,20.86389657,0
60.21236284,31.36180434,34.42434261,40.15599751,1
65.5570674,23.04894213,40.11086354,35.24131686,0
73.77300493,22.18053702,35.17444739,30.0479034,0
77.56988617,26.23497795,30.77068084,24.31956762,0
60.77834676,28.14680346,36.07817396,23.04896488,0
78.6960592,24.31379982,37.09917466,54.94895813,1
83.55637859,25.24877247,36.70179156,35.69377618,1
74.13434903,23.53330455,34.94539103,40.36850026,1
88.76795813,26.3021423,44.28338283,31.51333191,1
62.26210801,22.40508938,29.47524316,19.97033389,0
57.55345297,28.26710083,20.52464372,35.60566957,0
52.21279751,19.88987549,31.95906496,12.12863808,0
84.96044311,28.47438758,50.30145212,36.44956687,1
76.54365656,25.33122345,42.7685001,36.1064218,1
69.44415329,16.48949961,28.85934055,29.60599145,0
72.79968626,29.89543908,37.73148896,32.21275127,1
58.74510953,20.17160235,30.43701318,30.8013195,0
94.4575198,32.15773236,51.93140233,50.94601806,1
71.29221182,40.91781198,43.60676016,44.38912825,1
71.09394795,26.37664632,33.59673685,21.9509669,0
77.25766624,23.28122793,39.83217318,31.91470172,1
74.81009232,24.05174433,40.76129243,46.48630108,1
72.23884024,31.02582263,45.99175425,45.4575816,1
62.09525545,22.29969146,35.92533594,15.91777385,0
74.71468357,18.95874936,41.35864092,37.44487457,1
88.82024496,35.68323041,47.52488946,22.03276015,1
83.45420046,25.86824973,49.78033588,40.14723736,1
85.93186627,39.44264207,48.60668221,60.95903771,1
64.88784324,28.11098546,30.516287,20.11456755,0
60.1039518,18.79977365,37.82358289,20.84979841,0
68.7421308,30.46482759,40.51644074,41.55048688,1
70.55724912,25.03431475,34.54240495,16.32916583,0
80.94191518,32.59353869,40.54510473,30.96049072,1
53.0753537,21.00003788,29.56679447,31.25329382,0
85.29550319,25.62164284,45.82322898,32.57123244,1
68.41992101,20.72922319,35.92127042,28.63104499,0
65.7311893,28.15572034,36.76672262,39.12802927,1
59.87895625,19.28375803,39.30206879,33.86838424,0
53.45143328,16.68975933,32.7488126,28.35914996,0
78.23170584,22.60548415,40.67854241,31.76108901,1
70.73317967,26.87460821,41.9114054,37.98851892,1
57.100391,30.29776145,26.59210872,25.56006778,0
57.04921228,14.62955973,30.58769272,30.21110094,0
66.64215301,23.44585084,43.72467077,28.32549686,0
86.69021525,37.40267812,45.40090301,39.07753669,1
67.40408649,23.19322331,30.73231394,19.65012137,0
54.96857047,21.50085865,25.775584,24.34987051,0
67.54256936,18.32793163,28.61157735,20.10829665,0
67.2727643,25.68700299,31.48633499,18.97667752,0
43.03113357,14.12517542,20.3365047,21.56412259,0
69.45705133,29.23861795,30.07556159,32.90012176,0
67.6906547,29.6286594,36.46461816,40.13508538,1
76.96206365,39.88454049,47.12122261,35.04830807,1
88.48956095,33.8695122,42.05542397,43.89997273,1
81.2656503,30.07195919,50.18035409,45.3892884,1
67.31111309,24.53081109,37.75012355,36.28017508,1
58.93474091,18.86132786,35.44580191,19.94008815,0
95.73359803,35.19917853,46.83078205,44.75614573,1
70.59218434,23.23025747,40.68516058,36.97953584,1
70.13929292,25.3910574,31.18122379,30.76963365,0
69.75874913,31.00354987,42.04338459,13.83845856,0
71.98084761,20.16058384,37.28269489,33.80900418,0
68.55639588,29.69413136,39.55546052,55.58516722,1
64.26337993,29.07775831,28.8560996,25.48394592,0
64.53141059,21.99565107,28.96291577,20.84030406,0
69.6724673,13.77608906,37.09396919,34.34620654,0
64.56575229,19.55890337,28.22462918,30.66644444,0
62.87154217,28.49001249,36.30622794,42.81060745,1
71.06430228,24.75816549,30.09488009,17.92958286,0
67.45022783,18.61106858,38.3156873,38.46272596,0
85.03992989,27.24010085,37.55337205,42.51622983,1
43.49030192,19.4247058,26.21707671,20.22993899,0
80.91506852,31.05394182,45.75072387,41.99894874,1
82.46085192,27.66663768,39.15685181,46.80683899,1
49.26609768,15.40901213,28.16167922,31.7995338,0
66.57312406,21.34180268,35.52847768,19.0729016,0
66.28559134,18.58790605,30.85188803,36.81673202,0
55.92488305,27.65058752,25.65354146,25.17798528,0
62.22183312,20.16603925,22.2199043,25.97507644,0
58.89424155,26.69877714,33.59041436,29.53747118,0
87.52270443,38.23952681,39.2091085,37.87690779,1
79.35678393,32.76642887,42.74055954,49.49340315,1
82.71555095,26.79234127,41.2632251,36.23952686,1
77.21672064,29.04450268,43.9521387,25.65103589,1
58.70948229,20.42734077,28.99450769,22.50452543,0
64.75479734,18.14566976,31.12155382,30.03396311,0
74.89374561,27.83460737,42.92846052,48.06931351,1
57.77872191,14.32735371,30.54118575,31.78708611,0
77.1299843,32.93389145,42.87605101,28.58004231,1
67.59674602,21.33577462,37.03202858,56.06106044,1
66.25179192,24.19392545,26.97423084,30.93205916,0
77.10959968,28.40479925,44.16422311,49.54129412,1
74.44263311,24.76039672,41.51360822,33.26165592,1
66.39033834,26.17008743,30.0262541,34.86456638,0
81.59329803,26.18313603,40.73320895,44.94044264,1
59.18936672,25.07276484,31.45323156,40.17617299,0
76.15935607,19.92587622,37.58440155,43.87772397,1
75.93101258,27.2077523,41.27980595,44.16982778,1
66.90453561,33.11123246,43.88612142,31.70778789,1
73.26133022,20.63980895,42.50439403,28.44516169,1
57.48886424,16.73237763,22.65536847,27.00475835,0
79.24027019,30.30363382,44.8291983,47.13565283,1
68.15097864,24.75075143,42.26275727,31.20197755,1
64.77276979,24.42361992,35.966513,41.29840899,0
80.49009226,30.61746794,47.79893723,53.58099188,1
62.95656309,25.20840443,43.43348651,23.3872382,0
55.91538704,25.11888467,35.30424883,19.96874707,0
54.43370826,21.10089118,29.96188993,24.35837713,0
76.06009951,25.41474656,44.53543646,39.26399448,1
57.19570648,23.38136577,31.13878023,21.90209542,0
87.54794182,40.14118931,47.5443269,55.69348871,1
49.18070592,16.55007834,23.68426215,26.12363549,0
86.96456368,25.56495077,52.0641106,41.5895872,1
72.11017467,30.77396448,34.51222817,18.63821155,0
69.03286888,23.55959829,43.43854928,20.66556358,0
64.55080913,11.72943547,33.89307182,30.87513165,0
73.99136114,30.13408479,32.3263986,11.38991632,0
69.62365298,21.69163761,37.50721783,42.03819833,1
81.03301882,27.90889018,31.54650397,32.32700098,1
71.14227649,26.55969842,40.45350419,66.33650484,1
71.50301761,25.97855456,41.79822625,57.39116797,1
66.36387788,26.77461634,32.25688854,28.46973779,0
69.43054376,22.12325846,36.28613487,30.49859514,0
73.07801769,28.14283518,48.28446217,46.93208349,1
52.89831607,17.21667724,24.71884416,40.25445995,0
56.51814578,23.47540343,24.83370835,8.72066889,0
77.43264094,30.17826175,48.28865779,20.50774218,1
71.70865438,20.42083552,46.16599753,28.61974013,1
68.16016664,29.2859689,36.54774713,38.22463696,1
70.18433933,21.88470154,41.01720818,38.10268842,1
73.47581705,29.75682496,45.72286224,47.24705123,1
64.6024032,24.44727769,30.24811581,16.89515191,0
62.21695275,30.96685185,31.76446993,6.567168312,0
71.95845255,24.06812848,43.34930191,43.18476494,1
60.21627222,19.3291113,39.38821615,21.48793687,0
74.08252756,25.83178662,41.31789902,14.60589095,0
52.97416396,17.02505847,22.84431371,24.10123133,0
80.29155637,32.10175424,52.48685677,48.56596614,1
74.72597482,18.07253815,34.58634181,30.54770565,0
72.56029734,20.12769197,35.00198329,27.08133926,0
79.82690984,22.60040384,42.15387937,34.39932952,1
86.65474444,35.08069852,53.78157681,39.35443631,1
80.14370065,36.60336209,47.65521759,26.34252363,1
51.59125769,17.5346941,28.79733228,17.02041145,0
57.20423033,19.177372,31.8938207,31.95860864,0
63.75181422,22.66339579,33.4385689,32.58581901,0
70.2609105,30.40071019,40.48824934,35.95240701,1
75.1765902,21.6750409,25.51667338,19.74892088,0
62.74256187,23.15174157,31.38146386,26.75780924,0
71.86766764,30.02967182,39.55299448,12.56661556,0
62.44617068,24.36163059,27.2180325,29.21596365,0
63.88482197,23.30759577,35.34130563,44.35831363,0
55.93338903,24.58191662,29.06405228,11.64852912,0
60.76766754,7.752522174,37.67333332,21.79751847,0
56.48315394,23.15848048,37.914214,32.25989254,0
60.24126747,17.8140652,28.34235556,38.76355966,0
80.53641797,19.0345818,39.29411589,30.29528037,1
60.50601111,23.73311689,31.60459055,21.24534418,0
96.32382065,40.58162995,49.2037479,25.2400926,1
74.93317901,25.53937008,39.80292949,35.5394604,1
71.84836124,29.91129917,34.52261205,53.2263292,1
61.4164222,29.55713906,27.89574113,30.92998337,0
77.00309879,33.52565685,44.47008195,37.39785802,1
64.24362174,30.68509026,38.19429575,35.34278081,1
71.22009815,28.63767181,33.75499973,32.11625519,1
95.60084538,33.83746408,54.26465039,37.12508235,1
69.039401,16.15396129,31.14063406,37.25793382,0
81.49273326,27.2921442,43.395985,39.74341568,1
62.96823575,17.82264954,36.00195606,29.3921757,0
69.6501151,35.23225387,38.22093974,24.4099885,1
87.70800636,29.81837316,47.70598205,53.7466315,1
63.73032942,22.92163933,30.68082789,35.22210407,0
88.12448558,33.60099683,45.39388496,35.16022803,1
77.07751935,27.19514401,39.09461536,45.09528458,1
64.37533224,31.00662149,31.43733207,25.20031752,0
76.32407739,23.60018028,38.18200007,26.25561148,1
79.7255445,28.87697785,33.9087991,26.83854136,1
76.21809962,22.96398194,36.43517248,15.71898841,0
54.2977528,12.40410092,25.49043148,27.79760659,0
62.72862824,18.89617443,30.72621883,9.423000091,0
67.52481364,23.44850079,33.86837907,18.27455394,0
69.25566571,22.09297188,35.27482294,10.454429,0
76.20672098,23.21024744,41.33228152,34.07220489,1
71.77701001,18.09036618,40.29031311,31.24169676,0
56.64655641,19.41076688,26.12427763,21.64357529,0
73.80197851,18.30709061,30.85630417,20.02767252,0
76.10585745,30.43732993,35.12487978,22.40719025,1
75.59790448,26.87146533,36.95733548,38.6610952,1
80.80780726,20.99497504,38.80290168,29.48654926,1
78.33922155,25.87268216,36.5772058,37.60245266,1
74.59180079,22.34634825,31.55499669,22.61391458,0
69.29834289,25.85029256,34.07370867,33.23486964,0
53.39039066,25.38888896,30.01058669,39.19188739,0
74.29618219,16.62780142,39.7339896,38.85007064,1
72.07687687,25.8020373,34.80788679,28.20775267,0
72.71578837,24.64986195,35.58708805,35.1245425,1
57.23251424,23.38808037,25.79875594,23.14931565,0
59.1894346,21.78228525,30.83450677,27.39385531,0
80.53152853,24.42618833,36.88228233,31.60538456,1
69.60444846,22.76628728,38.74089833,30.79497265,0
76.81500697,22.90512316,30.21844531,33.82598734,1
70.28318376,29.97915001,35.82511433,22.88161575,0
70.29756139,24.71070473,38.08158027,22.54668187,0
79.38283806,37.28994675,44.09943906,24.78360771,1
64.83955272,22.39053938,47.12107492,17.70208052,0
70.96120777,21.29438888,37.9404214,20.14375977,0
65.37724711,15.31346453,27.46218112,28.47461086,0
65.65503773,13.96356482,31.86015871,19.13846661,0
66.90827877,15.49721785,24.32693735,31.48587822,0
72.22133772,26.61310146,37.41922352,33.62020419,1
65.21251378,25.36800494,30.25395191,9.499472624,0
82.55756126,20.98919293,45.92569253,44.11523285,1
61.05392698,25.84406601,29.89537897,36.21669179,0
68.13128356,21.43064399,34.36137682,20.61720379,0
65.60268942,23.69490636,31.0824023,33.48154443,0
84.46977884,37.62552574,54.23076239,34.46551991,1
71.96554777,29.6721383,36.71271032,34.43272455,1
80.31844539,26.76880265,50.65984617,26.64790153,1
55.14439627,14.84457757,31.85465265,7.638116971,0
72.67050266,14.67559892,38.04717962,27.95494749,0
78.89630796,24.01794119,42.15059255,34.73465647,1
70.82283989,23.73234277,38.585733,28.86448435,0
80.65480375,23.29328368,31.31495553,21.21187456,0
64.8271155,22.03320559,32.18442612,25.16809693,0
84.0934744,29.81697546,48.03124843,42.59823697,1
92.98898124,31.42186352,47.88492834,41.87707304,1
66.3716144,19.98005213,26.83728767,29.46610803,0
65.54497479,23.78401453,33.99001931,23.44969966,0
84.53384477,31.79654892,52.92006751,53.49614293,1
85.79572146,24.57650712,49.75783466,28.30102346,1
64.77139973,29.7246518,34.78204019,35.96176273,1
65.79813183,22.53640548,38.8736868,43.31101075,1
67.18215391,23.60800198,33.12103456,35.08213007,0
56.55549489,23.33549533,21.59771383,22.0932699,0
60.81348054,22.45079884,27.23389607,21.45818831,0
59.95859233,25.75119049,39.94604849,41.19701771,0
62.32202435,23.24832935,31.32461142,14.23538966,0
69.65315113,21.31641602,34.39028131,21.22659198,0
72.34214733,27.12726919,36.48022915,29.1231183,1
85.50500493,24.20812069,52.8395593,53.2358747,1
60.01645959,21.54855939,39.44691327,33.86814915,0
79.84322398,27.77897844,52.57914765,30.22093947,1
67.86011156,22.71045476,34.2839151,27.55369358,0
69.5053629,23.68418946,37.49237364,26.0334498,0
76.74819492,17.452623,30.44399957,23.84025213,0
58.77277978,17.82684839,37.39779271,38.3754556,0
73.82409746,26.30265862,32.64247782,18.47673521,0
71.66452208,25.88186469,38.50928569,49.43900449,1
74.92451264,21.08520372,32.44655879,39.91017326,1
72.89168644,31.84062946,36.22505066,44.77514793,1
94.5530014,28.76267625,44.11507372,36.55777878,1
63.62260016,27.11519606,31.01383298,27.77767215,0
64.69003045,24.77748247,31.37039668,14.96873084,0
63.76859474,19.08787161,29.77209798,22.49033475,0
64.44522881,31.43238455,39.45349943,37.59876319,1
63.62612873,16.3009609,26.36763614,39.22259778,0
81.89016531,33.25732873,44.60474727,27.77099665,1
84.20504248,34.47467646,50.87700017,37.83050277,1
64.29253706,19.14928693,30.19551724,26.49119027,0
61.67644427,28.54908199,29.87462187,14.7059679,0
74.71415556,24.89972187,37.44869125,39.56159697,1
64.47776956,24.01068749,39.71575984,24.39587015,0
76.32931818,28.01687056,40.92210545,33.60758825,1
72.02923021,24.53868687,34.66481949,27.56806271,0
54.84255885,23.24893696,31.74832213,18.82909184,0
85.47505201,33.88371181,39.72905502,38.29958643,1
87.95877673,22.04291199,47.39682948,37.35908404,1
63.8721131,28.8769408,36.56087559,27.54925325,0
66.1229844,14.8305846,31.18241754,20.82544284,0
72.85865391,30.66325989,34.72611724,36.42723434,1
73.3445679,31.30412445,34.83247583,50.01767608,1
76.58544273,21.3500728,41.40755047,36.17000907,1
90.10204539,29.48164445,52.58715183,52.68508571,1
68.23052773,18.35216136,31.18763101,15.26452619,0
62.01702755,20.63135449,34.32586682,30.4743345,0
56.20680772,18.13221128,18.48437064,11.34316162,0
62.6906996,25.84004752,30.45573567,13.91615345,0
69.66873027,30.93559933,37.38275382,25.87863454,1
87.94557864,37.75937158,42.57896762,52.34298402,1
64.82388701,19.87752032,28.46372134,37.22687449,0
72.23787952,24.23714846,34.01557769,34.32976268,1
69.83577104,16.0253289,36.09212639,15.36337441,0
81.88393273,24.63002612,40.83712986,34.45381955,1
95.26932426,38.16852166,39.31374408,44.35373263,1
64.69131227,30.71987341,24.65156444,29.93164071,0
65.10560557,16.61521759,29.58624014,9.206620239,0
80.44160877,25.19224177,43.52560523,28.04374155,1
76.8189149,26.75459143,26.18190578,30.43171153,0
88.46707326,32.36428143,43.78438837,45.46963614,1
75.83928185,22.49573105,35.99558376,11.17157704,0
66.40707909,25.3627829,41.89743106,31.35417677,1
75.90654831,24.19809517,37.07245671,35.15857607,1
81.08703581,28.30820118,44.06575127,46.23383439,1
78.20482181,30.10310887,41.91907729,43.57097081,1
75.07274031,26.30757046,28.39141483,37.05745828,1
80.6667469,26.05143196,45.35135858,29.68040402,1
81.6929559,28.04448555,43.44770979,18.58420338,1
83.82158991,28.89574167,46.04020699,35.17129326,1
76.48709888,24.92042946,59.03446892,50.58649806,1
68.3288192,22.62110641,24.85162522,41.8654036,0
71.46713686,33.00673376,47.38504159,44.13879778,1
82.06508967,31.52737862,41.79752848,42.07804598,1
61.83064329,20.16332356,33.29309871,32.26648546,0
73.68673309,29.2751286,38.78649438,28.88771341,1
66.06661188,21.45421671,31.89963702,28.00407365,0
70.28744823,30.46623007,34.87343308,49.29452175,1
82.78451863,30.82279248,45.06513556,29.41350914,1
71.91099068,24.63233602,29.70054453,46.73054934,1
70.46436548,26.90111255,40.84208281,30.68360155,1
56.40143859,11.88612275,25.67689989,36.84066912,0
77.46253566,21.47805014,33.50340438,18.57021265,0
76.45484181,20.7895696,36.31252845,38.98494644,1
91.63254723,32.78610701,54.07761374,36.68163562,1
66.92221765,32.08535118,33.85539274,17.54730299,0
72.19150328,36.42352688,41.56314994,38.16569026,1
72.49383684,28.5630984,34.68006488,42.90666132,1
85.7745328,32.52530885,48.89321078,32.54097838,1
69.04704468,15.16117697,37.53094419,15.80506137,0
72.79021526,22.76320634,46.5512823,34.65897181,1
76.0789651,22.68871902,37.89545837,32.91733335,1
71.86609123,22.04889394,40.09279387,38.78489133,1
65.53566385,22.09676326,34.40073908,39.51459789,0
71.94089993,22.81886209,43.41653629,33.83886337,1
80.7363175,18.36121207,36.40942335,52.41612134,1
59.73484701,24.64674773,35.53505726,31.53358854,0
71.32969674,19.60167873,35.0452128,27.82197477,0
62.99879185,23.24581147,32.67767774,12.92419941,0
81.95046629,39.05307655,45.14708756,37.26310912,1
54.76813095,14.57192288,28.82124549,21.16032536,0
64.41078153,9.892335921,30.38217366,36.30424583,0
73.77211875,24.39022045,39.14906344,38.47111803,1
85.65524029,35.48413228,53.53227487,31.00242116,1
69.34249739,34.06161136,42.94369452,37.05051827,1
64.44800473,16.40905368,36.62918583,36.2774267,0
88.81157069,33.56754586,44.40101835,55.83864365,1
55.519861,17.10539906,23.95881312,32.50845872,0
48.01194043,16.27443738,29.63676346,30.9436463,0
74.4001445,39.26176731,45.71265245,38.8039569,1
64.97945776,15.22795857,39.64970108,34.3070886,0
59.78767183,22.19438345,28.32342588,39.26815225,0
77.08356447,29.31771342,39.40340342,22.16179518,1
72.43800714,30.78223412,30.55612922,28.3992824,1
64.35921369,23.01564056,31.60241874,21.29718764,0
57.19695601,21.5591873,35.03332022,31.83464435,0
78.72457328,25.59535781,38.21265264,47.28646454,1
76.50201178,28.12133883,43.25257204,30.34973251,1
69.00824136,22.4369231,34.5885777,7.091128442,0
88.46636996,34.07108894,48.24436941,37.5783592,1
59.29915234,18.90665164,24.72749193,34.21377073,0
54.74474829,21.04616387,29.27041675,31.00053571,0
63.0809193,21.93200769,17.81713537,28.68703407,0
69.54413984,29.9707002,36.35452217,29.98806362,1
72.43339449,25.09471945,29.46160519,17.92073074,0
67.58763942,14.79051146,39.40251261,36.08918357,0
73.52055397,32.04180139,43.37964633,27.8574845,1
57.48460576,15.59095051,31.3196176,47.94664663,0
84.43764604,26.28434442,50.85884074,46.01478748,1
69.17848822,21.23416441,30.63256997,23.86303468,0
81.17295832,35.28272588,52.32119241,35.16815371,1
73.42725346,15.02116764,40.70745541,31.89278307,0
74.56753219,41.78737894,40.73008884,34.73399732,1
75.6976728,31.77446953,46.0969474,48.68801061,1
74.4770856,27.18317453,33.41985586,34.58686604,1
76.4272276,26.47505966,35.56469354,26.43115652,1
83.2915253,30.57980423,40.55419862,56.4805184,1
71.9652117,27.79343624,35.29814397,33.24284487,1
77.09003758,30.20759108,35.44924691,42.12681889,1
69.10264306,26.9639474,42.60439419,28.01930606,1
84.40117215,29.98831366,42.6839182,42.03487183,1
63.23607698,21.14593484,34.44794645,32.42639332,0
88.00940433,30.0469251,42.76186014,20.44145497,1
69.59842049,23.38490577,26.89325387,49.12806826,1
55.69224898,25.16113763,31.44402636,40.03688541,0
71.28104415,27.91614906,28.0984248,26.46525768,0
63.18948343,7.414376026,29.57497252,14.75932161,0
78.40643549,30.7217563,34.58567204,38.06119007,1
63.47376021,23.18949705,43.1374715,33.15508305,0
65.53816567,22.8448142,38.617951,34.95333833,0
51.10459269,15.94401518,26.7146387,25.09791602,0
65.47693681,28.53749148,41.49065325,38.15946379,1
45.76120673,20.75405467,20.51177408,35.1799991,0
54.16097177,15.09195178,30.10822454,30.51753512,0
77.60414656,29.19671273,41.76026067,25.81206676,1
77.85800159,22.39201688,40.8346045,48.69931281,1
74.25457562,19.09101064,43.59452866,50.91179973,1
60.33023857,17.98199738,34.40746735,59.6226668,0
69.52288644,28.64497762,38.45791273,21.97990174,0
69.96397461,29.25301634,29.05995466,33.02575263,0
58.41635311,23.01115069,26.08935756,5.061581116,0
85.03398302,33.38737299,44.32922229,45.09685995,1
78.77362291,30.15165945,41.94532407,31.31774888,1
67.79035826,20.51921742,28.95848608,47.94747595,0
70.26885839,26.75371316,49.03011229,28.54315556,1
72.08382808,29.23138745,45.8659704,19.27362588,1
49.58265132,21.12538461,29.54786162,19.7161916,0
67.52822617,29.57944602,36.66377529,12.56322832,0
63.18015752,25.65457437,32.50094091,36.90450235,0
59.9837999,22.751571,26.78343186,5.79288472,0
67.18899707,28.86690017,36.39583131,32.3306095,1
87.97686527,30.65929655,47.01021138,19.91805602,1
76.40842861,22.33357676,32.64170535,29.04167723,0
64.2882101,21.68553872,34.93768438,46.2399702,0
75.72582781,22.77952651,37.85623257,37.31173462,1
